2017,"$9,500 ",32000,2017 Honda Civic,https://orlando.craigslist.org/cto/d/sanford-2017-honda-civic-rebuilt-title/6943532288.html,excellent,,gas,32000,black,compact,rebuilt,automatic,sedan,4 cylinders,,https://orlando.craigslist.org/cto/d/sanford-2017-honda-civic-rebuilt-title/6943532288.html
2015,"$6,990 ",45000,2015 honda civic ex coupe,https://orlando.craigslist.org/cto/d/orlando-2015-honda-civic-coupe-ex/6959843370.html,excellent,fwd,gas,45000,red,compact,rebuilt,automatic,coupe,4 cylinders,,https://orlando.craigslist.org/cto/d/orlando-2015-honda-civic-coupe-ex/6959843370.html
2015,"$9,500 ",37500,2015 Honda Civic,https://tampa.craigslist.org/pnl/cto/d/honda-civic-2015-coupe-2dr/6954523174.html,like new,fwd,gas,37500,custom,,rebuilt,automatic,coupe,4 cylinders,,https://tampa.craigslist.org/pnl/cto/d/honda-civic-2015-coupe-2dr/6954523174.html
2013,"$9,900 ",36267,2013 Honda Civic,https://tampa.craigslist.org/pnl/cto/d/saint-petersburg-2013-honda-civic/6954842320.html,,,gas,36267,,,clean,automatic,,,,https://tampa.craigslist.org/pnl/cto/d/saint-petersburg-2013-honda-civic/6954842320.html
2012,"$7,700 ",114000,2012 honda civic lx,https://orlando.craigslist.org/cto/d/kissimmee-2012-honda-civic-lx/6961608786.html,excellent,fwd,gas,114000,black,,clean,automatic,sedan,,,https://orlando.craigslist.org/cto/d/kissimmee-2012-honda-civic-lx/6961608786.html
2012,"$3,100 ",,2012 Honda Civic,https://orlando.craigslist.org/cto/d/kissimmee-2012-honda-civic-lx/6961438862.html,,,gas,,,,clean,automatic,,,,https://orlando.craigslist.org/cto/d/kissimmee-2012-honda-civic-lx/6961438862.html
2012,"$6,995 ",,2012 honda civic lx 2012,https://orlando.craigslist.org/cto/d/orlando-honda-civic-lx-2012/6960690838.html,,,gas,,,,clean,automatic,,,,https://orlando.craigslist.org/cto/d/orlando-honda-civic-lx-2012/6960690838.html
2012,"$6,995 ",,2012 honda civic lx 2012,https://orlando.craigslist.org/cto/d/orlando-honda-civic-lx-2012/6955641360.html,,,gas,,,,clean,automatic,,,,https://orlando.craigslist.org/cto/d/orlando-honda-civic-lx-2012/6955641360.html
2012,"$2,700 ",,2012 FORD FOCUS /  HONDA CIVIC,https://orlando.craigslist.org/cto/d/apopka-2008-ford-focus-focus-honda-civic/6953269113.html,,,gas,,,,clean,automatic,,,,https://orlando.craigslist.org/cto/d/apopka-2008-ford-focus-focus-honda-civic/6953269113.html
2012,"$6,995 ",,2012 honda civic lx 2012,https://orlando.craigslist.org/cto/d/orlando-honda-civic-lx-2012/6949958842.html,,,gas,,,,clean,automatic,,,,https://orlando.craigslist.org/cto/d/orlando-honda-civic-lx-2012/6949958842.html
2012,"$7,500 ",54500,2012 honda civic,https://orlando.craigslist.org/cto/d/kissimmee-2012-honda-civic/6941675754.html,excellent,fwd,gas,54500,silver,mid-size,clean,automatic,sedan,4 cylinders,,https://orlando.craigslist.org/cto/d/kissimmee-2012-honda-civic/6941675754.html
2012,"$6,900 ",,2012 honda civic,https://lakeland.craigslist.org/cto/d/lakeland-2012-honda-civic/6959373297.html,good,,gas,,,,lien,automatic,,,,https://lakeland.craigslist.org/cto/d/lakeland-2012-honda-civic/6959373297.html
2012,"$6,900 ",134000,2012 Honda Civic EX,https://tampa.craigslist.org/psc/cto/d/land-lakes-2012-honda-civic-ex/6960907201.html,good,fwd,gas,134000,silver,mid-size,clean,automatic,sedan,4 cylinders,,https://tampa.craigslist.org/psc/cto/d/land-lakes-2012-honda-civic-ex/6960907201.html
2012,"$8,920 ",73200,2012 honda civic lx,https://tampa.craigslist.org/pnl/cto/d/clearwater-2012-honda-civi-lx-sedan/6954571444.html,excellent,fwd,gas,73200,grey,compact,clean,automatic,sedan,4 cylinders,,https://tampa.craigslist.org/pnl/cto/d/clearwater-2012-honda-civi-lx-sedan/6954571444.html
2012,"$6,800 ",,2012 HONDA CIVIC,https://tampa.craigslist.org/pnl/cto/d/largo-2012-lx-honda-civic/6954452239.html,like new,fwd,gas,,grey,mid-size,clean,automatic,sedan,4 cylinders,,https://tampa.craigslist.org/pnl/cto/d/largo-2012-lx-honda-civic/6954452239.html
2011,"$3,800 ",80000,2011 Honda civic,https://orlando.craigslist.org/cto/d/orlando-2011-honda-civic-3800/6957745464.html,good,fwd,gas,80000,grey,mid-size,rebuilt,automatic,sedan,4 cylinders,,https://orlando.craigslist.org/cto/d/orlando-2011-honda-civic-3800/6957745464.html
2011,"$6,699 ",93000,2011 honda civic,https://orlando.craigslist.org/cto/d/orlando-2011-honda-civic-lx-clean-title/6953750304.html,excellent,fwd,gas,93000,blue,mid-size,clean,automatic,coupe,4 cylinders,,https://orlando.craigslist.org/cto/d/orlando-2011-honda-civic-lx-clean-title/6953750304.html
2011,"$4,750 ",126000,2011 honda civic ex,https://orlando.craigslist.org/cto/d/kissimmee-2011-honda-civic/6952097128.html,like new,,gas,126000,blue,,clean,automatic,,4 cylinders,,https://orlando.craigslist.org/cto/d/kissimmee-2011-honda-civic/6952097128.html
2011,"$7,600 ",72000,2011 honda civic si,https://orlando.craigslist.org/cto/d/deland-2011-honda-civic-si/6951071881.html,good,fwd,gas,72000,black,,rebuilt,manual,coupe,4 cylinders,,https://orlando.craigslist.org/cto/d/deland-2011-honda-civic-si/6951071881.html
2011,"$5,200 ",120000,2011 Honda Civic LX,https://tampa.craigslist.org/pnl/cto/d/clearwater-2011-honda-civic-lx/6960896897.html,excellent,,gas,120000,,,clean,automatic,,4 cylinders,,https://tampa.craigslist.org/pnl/cto/d/clearwater-2011-honda-civic-lx/6960896897.html
2011,"$4,800 ",95200,2011 honda civic,https://tampa.craigslist.org/hil/cto/d/riverview-great-deal-honda-civic/6958183531.html,good,,gas,95200,red,,rebuilt,automatic,,4 cylinders,,https://tampa.craigslist.org/hil/cto/d/riverview-great-deal-honda-civic/6958183531.html
2010,"$4,099 ",130000,2010 Honda Civic,https://orlando.craigslist.org/cto/d/orlando-2010-honda-civic-excellent/6959873670.html,excellent,fwd,gas,130000,blue,,rebuilt,automatic,sedan,4 cylinders,,https://orlando.craigslist.org/cto/d/orlando-2010-honda-civic-excellent/6959873670.html
2010,"$5,800 ",134000,2010 honda civic,https://orlando.craigslist.org/cto/d/kissimmee-2010-honda-civic-lx/6953911795.html,excellent,fwd,gas,134000,black,full-size,clean,automatic,sedan,4 cylinders,,https://orlando.craigslist.org/cto/d/kissimmee-2010-honda-civic-lx/6953911795.html
2010,"$4,300 ",112000,2010 Honda Civic,https://orlando.craigslist.org/cto/d/de-leon-springs-2010-honda-civic/6952653092.html,good,,gas,112000,grey,,clean,automatic,,4 cylinders,,https://orlando.craigslist.org/cto/d/de-leon-springs-2010-honda-civic/6952653092.html
2010,"$5,600 ",143000,2010 honda civic lx,https://orlando.craigslist.org/cto/d/orlando-honda-civic/6951346651.html,good,,gas,143000,grey,,clean,automatic,sedan,,,https://orlando.craigslist.org/cto/d/orlando-honda-civic/6951346651.html
2010,"$6,900 ",81000,2010 honda civic ex,https://orlando.craigslist.org/cto/d/orlando-2010/6950266390.html,excellent,,gas,81000,white,,clean,automatic,,4 cylinders,,https://orlando.craigslist.org/cto/d/orlando-2010/6950266390.html
2010,"$6,000 ",128000,2010 Honda Civic,https://orlando.craigslist.org/cto/d/sanford-honda-civic/6945226165.html,excellent,fwd,gas,128000,red,compact,clean,automatic,sedan,4 cylinders,,https://orlando.craigslist.org/cto/d/sanford-honda-civic/6945226165.html
2010,"$4,800 ",196000,2010 2010 honda civic,https://tampa.craigslist.org/hil/cto/d/tampa-honda-civic-2010-for-sale/6955947079.html,,,gas,196000,,,clean,automatic,,,,https://tampa.craigslist.org/hil/cto/d/tampa-honda-civic-2010-for-sale/6955947079.html
2009,"$4,800 ",128000,2009 2009 honda civic,https://orlando.craigslist.org/cto/d/orlando-2009-honda-civic-4800-orlando/6960144647.html,good,,gas,128000,grey,,clean,automatic,sedan,4 cylinders,,https://orlando.craigslist.org/cto/d/orlando-2009-honda-civic-4800-orlando/6960144647.html
2009,"$3,750 ",100000,2009 Honda Civic,https://orlando.craigslist.org/cto/d/altamonte-springs-2009-honda-civic-3750/6956866424.html,excellent,fwd,gas,100000,blue,compact,clean,automatic,sedan,4 cylinders,,https://orlando.craigslist.org/cto/d/altamonte-springs-2009-honda-civic-3750/6956866424.html
2009,"$3,400 ",,2009 Honda Civic,https://orlando.craigslist.org/cto/d/orlando-2009-honda-civic-ex/6954840194.html,,,gas,,,,clean,automatic,,,,https://orlando.craigslist.org/cto/d/orlando-2009-honda-civic-ex/6954840194.html
2009,"$5,950 ",69000,2009 Honda Civic 2009,https://orlando.craigslist.org/cto/d/lake-mary-honda-civic-2009-for-sale/6946576378.html,good,fwd,gas,69000,grey,full-size,clean,automatic,sedan,4 cylinders,,https://orlando.craigslist.org/cto/d/lake-mary-honda-civic-2009-for-sale/6946576378.html
2009,"$2,500 ",,2009 honda civic,https://orlando.craigslist.org/cto/d/winter-garden-civic-ex-09-for-sale/6945294804.html,good,fwd,gas,,silver,compact,clean,automatic,,4 cylinders,,https://orlando.craigslist.org/cto/d/winter-garden-civic-ex-09-for-sale/6945294804.html
2009,"$4,990 ",139000,2009 honda civic lx,https://orlando.craigslist.org/cto/d/orlando-2009-honda-civic-4doors/6941865049.html,excellent,,gas,139000,white,,clean,automatic,sedan,4 cylinders,,https://orlando.craigslist.org/cto/d/orlando-2009-honda-civic-4doors/6941865049.html
2009,"$3,500 ",3500,2009 honda civic,https://spacecoast.craigslist.org/cto/d/palm-bay-honda-civic/6957970994.html,like new,fwd,gas,3500,white,compact,clean,automatic,,4 cylinders,,https://spacecoast.craigslist.org/cto/d/palm-bay-honda-civic/6957970994.html
2008,"$4,500 ",,2008 Honda Civic,https://orlando.craigslist.org/cto/d/orlando-2008-honda-civic-ex-like-new-no/6959431696.html,excellent,fwd,gas,,black,,clean,automatic,coupe,4 cylinders,,https://orlando.craigslist.org/cto/d/orlando-2008-honda-civic-ex-like-new-no/6959431696.html
2008,"$5,890 ",112000,2008 Honda Civic Coupe EX,https://orlando.craigslist.org/cto/d/orlando-2008-honda-civic-coupe-ex/6958489176.html,excellent,fwd,gas,112000,,,clean,automatic,,4 cylinders,,https://orlando.craigslist.org/cto/d/orlando-2008-honda-civic-coupe-ex/6958489176.html
2008,"$2,900 ",154000,2008 2008 Honda Civic LX Sedan 4D,https://orlando.craigslist.org/cto/d/lakeland-2008-honda-civic-lx-sedan-4d/6953395106.html,good,,gas,154000,black,,clean,automatic,sedan,4 cylinders,,https://orlando.craigslist.org/cto/d/lakeland-2008-honda-civic-lx-sedan-4d/6953395106.html
2008,"$4,300 ",156600,2008 Honda Civic,https://orlando.craigslist.org/cto/d/winter-park-2008-honda-civic/6950542714.html,good,,gas,156600,,,clean,automatic,,,,https://orlando.craigslist.org/cto/d/winter-park-2008-honda-civic/6950542714.html
2008,"$3,500 ",,2008 honda civic si,https://orlando.craigslist.org/cto/d/davenport-2008-honda-civic-si/6947796589.html,good,,gas,,black,,clean,manual,,6 cylinders,,https://orlando.craigslist.org/cto/d/davenport-2008-honda-civic-si/6947796589.html
2008,"$3,800 ",143000,2008 honda civic,https://orlando.craigslist.org/cto/d/orlando-2008-honda-civic-in-excellent/6939910058.html,excellent,,gas,143000,silver,mid-size,clean,automatic,sedan,4 cylinders,,https://orlando.craigslist.org/cto/d/orlando-2008-honda-civic-in-excellent/6939910058.html
2008,"$3,500 ",199600,2008 Honda Civic EXL,https://tampa.craigslist.org/hil/cto/d/tampa-2008-honda-civic-exl/6961366793.html,good,,gas,199600,silver,compact,clean,automatic,coupe,4 cylinders,,https://tampa.craigslist.org/hil/cto/d/tampa-2008-honda-civic-exl/6961366793.html
2008,"$4,600 ",112060,2008 honda civic ex,https://tampa.craigslist.org/pnl/cto/d/saint-petersburg-2008-honda-civic-ex/6956590204.html,good,4wd,gas,112060,silver,compact,clean,automatic,coupe,4 cylinders,,https://tampa.craigslist.org/pnl/cto/d/saint-petersburg-2008-honda-civic-ex/6956590204.html
2008,"$4,800 ",152300,2008 honda civic ex,https://tampa.craigslist.org/pnl/cto/d/saint-petersburg-2008-honda-civic-ex/6955372828.html,good,fwd,gas,152300,red,compact,clean,automatic,coupe,4 cylinders,,https://tampa.craigslist.org/pnl/cto/d/saint-petersburg-2008-honda-civic-ex/6955372828.html
2007,"$4,988 ",151400,2007 honda civic ex 4 doors,https://orlando.craigslist.org/cto/d/winter-park-2007-honda-civic-ex-sunroof/6961674965.html,excellent,fwd,gas,151400,black,compact,clean,automatic,sedan,4 cylinders,,https://orlando.craigslist.org/cto/d/winter-park-2007-honda-civic-ex-sunroof/6961674965.html
2007,"$3,999 ",127000,2007 honda civic,https://orlando.craigslist.org/cto/d/orlando-2007-honda-civic/6950012685.html,excellent,fwd,gas,127000,black,compact,clean,automatic,sedan,4 cylinders,,https://orlando.craigslist.org/cto/d/orlando-2007-honda-civic/6950012685.html
2007,"$3,750 ",198846,2007 Honda Civic Hybrid,https://orlando.craigslist.org/cto/d/longwood-clean-2007-honda-civic-hybrid/6947240749.html,good,fwd,hybrid,198846,silver,,clean,automatic,sedan,,,https://orlando.craigslist.org/cto/d/longwood-clean-2007-honda-civic-hybrid/6947240749.html
2007,"$2,900 ",152345,2007 honda civic ex,https://orlando.craigslist.org/cto/d/saint-cloud-honda-civic-ex/6947116435.html,good,fwd,gas,152345,grey,compact,clean,manual,coupe,4 cylinders,,https://orlando.craigslist.org/cto/d/saint-cloud-honda-civic-ex/6947116435.html
2007,"$2,995 ",,2007 honda civic lx,https://daytona.craigslist.org/cto/d/oak-hill-2007-honda-civic-lx/6960842199.html,,,gas,,,,clean,automatic,,,,https://daytona.craigslist.org/cto/d/oak-hill-2007-honda-civic-lx/6960842199.html
2007,"$4,500 ",98000,2007 honda civic lx,https://tampa.craigslist.org/hil/cto/d/riverview-2007-honda-civic/6961524829.html,good,,gas,98000,blue,,clean,automatic,coupe,4 cylinders,,https://tampa.craigslist.org/hil/cto/d/riverview-2007-honda-civic/6961524829.html
2007,"$3,999 ",,2007 honda civic,https://tampa.craigslist.org/hil/cto/d/tampa-2007-honda-civic/6959605203.html,,,gas,,,,clean,automatic,,,,https://tampa.craigslist.org/hil/cto/d/tampa-2007-honda-civic/6959605203.html
2006,"$2,500 ",,2006 honda civic,https://orlando.craigslist.org/cto/d/kissimmee-honda-accord/6961433816.html,,,gas,,,,clean,automatic,,,,https://orlando.craigslist.org/cto/d/kissimmee-honda-accord/6961433816.html
2006,"$3,500 ",147000,2006 honda civic,https://orlando.craigslist.org/cto/d/orlando-06-honda-civic-for-sale-obo/6955640750.html,good,fwd,gas,147000,silver,compact,clean,automatic,coupe,4 cylinders,,https://orlando.craigslist.org/cto/d/orlando-06-honda-civic-for-sale-obo/6955640750.html
2006,"$2,805 ",198000,2006 Honda Civic,https://orlando.craigslist.org/cto/d/kissimmee-honda-civic-2006-manual/6947351296.html,excellent,fwd,gas,198000,black,compact,clean,manual,coupe,4 cylinders,,https://orlando.craigslist.org/cto/d/kissimmee-honda-civic-2006-manual/6947351296.html
2006,"$3,800 ",150000,2006 honda civic,https://tampa.craigslist.org/hil/cto/d/ruskin-2006-honda-civic/6961694792.html,excellent,fwd,gas,150000,blue,,clean,automatic,coupe,4 cylinders,,https://tampa.craigslist.org/hil/cto/d/ruskin-2006-honda-civic/6961694792.html
2006,"$3,000 ",125000,2006 Honda Civic Hybrid,https://tampa.craigslist.org/pnl/cto/d/tarpon-springs-2006-honda-civic-hybrid/6958026000.html,excellent,fwd,hybrid,125000,blue,compact,clean,automatic,sedan,4 cylinders,,https://tampa.craigslist.org/pnl/cto/d/tarpon-springs-2006-honda-civic-hybrid/6958026000.html
2005,"$2,500 ",135,2005 Honda Civic,https://orlando.craigslist.org/cto/d/orlando-honda-civic-05-special-edition/6953354870.html,excellent,,gas,135,,,clean,automatic,,,,https://orlando.craigslist.org/cto/d/orlando-honda-civic-05-special-edition/6953354870.html
2005,"$2,400 ",161000,2005 honda civic,https://orlando.craigslist.org/cto/d/kissimmee-2005-honda-civic-auto-ice/6948877228.html,excellent,,gas,161000,blue,,clean,automatic,,4 cylinders,,https://orlando.craigslist.org/cto/d/kissimmee-2005-honda-civic-auto-ice/6948877228.html
2005,"$2,400 ",,2005 honda civic,https://orlando.craigslist.org/cto/d/orlando-2005-honda-civic/6944953173.html,,4wd,gas,,blue,compact,clean,automatic,sedan,4 cylinders,,https://orlando.craigslist.org/cto/d/orlando-2005-honda-civic/6944953173.html
2005,"$2,600 ",,2005 honda civic ex,https://orlando.craigslist.org/cto/d/orlando-price-reduce-2005-honda-civic/6942219489.html,fair,fwd,gas,,black,compact,clean,manual,sedan,4 cylinders,,https://orlando.craigslist.org/cto/d/orlando-price-reduce-2005-honda-civic/6942219489.html
2004,"$1,500 ",,2004 Honda Civic,https://orlando.craigslist.org/cto/d/orlando-04-honda-civic-for-sale/6960058921.html,good,,gas,,,,clean,manual,,,,https://orlando.craigslist.org/cto/d/orlando-04-honda-civic-for-sale/6960058921.html
2004,"$2,800 ",165000,2004 honda civic ex,https://orlando.craigslist.org/cto/d/orlando-honda-civic-ex-2004/6958295025.html,good,,gas,165000,blue,,clean,automatic,,4 cylinders,,https://orlando.craigslist.org/cto/d/orlando-honda-civic-ex-2004/6958295025.html
2004,"$2,300 ",110750,2004 2004 honda civic,https://orlando.craigslist.org/cto/d/apopka-2004-honda-civic-2300/6955008291.html,excellent,,gas,110750,brown,,clean,automatic,,4 cylinders,,https://orlando.craigslist.org/cto/d/apopka-2004-honda-civic-2300/6955008291.html
2004,"$2,500 ",101000,2004 Honda Civic sedan 4 doors,https://orlando.craigslist.org/cto/d/orlando-2004-honda-civic-4-doors-runs/6953818468.html,,,gas,101000,,,clean,automatic,,,,https://orlando.craigslist.org/cto/d/orlando-2004-honda-civic-4-doors-runs/6953818468.html
2004,"$2,600 ",,2004 honda civic lx sedan,https://orlando.craigslist.org/cto/d/orlando-2004-honda-civic-lx/6951172814.html,,,gas,,,,clean,manual,,,,https://orlando.craigslist.org/cto/d/orlando-2004-honda-civic-lx/6951172814.html
2004,"$5,600 ",107000,2004 honda civic si hatchback EP3,https://orlando.craigslist.org/cto/d/orlando-2004-honda-civic-si-ep3/6949283285.html,good,,gas,107000,silver,compact,clean,manual,coupe,4 cylinders,,https://orlando.craigslist.org/cto/d/orlando-2004-honda-civic-si-ep3/6949283285.html
2004,"$1,600 ",226768,2004 Honda Civic LX,https://orlando.craigslist.org/cto/d/orlando-honda-civic-lx-2004/6945170372.html,good,fwd,gas,226768,white,mid-size,clean,automatic,sedan,4 cylinders,,https://orlando.craigslist.org/cto/d/orlando-honda-civic-lx-2004/6945170372.html
2004,"$2,900 ",137901,2004 honda civic,https://orlando.craigslist.org/cto/d/orlando-honda-civic/6940182021.html,excellent,4wd,gas,137901,silver,,clean,automatic,sedan,4 cylinders,,https://orlando.craigslist.org/cto/d/orlando-honda-civic/6940182021.html
2004,"$2,700 ",,2004 honda civic ex,https://orlando.craigslist.org/cto/d/deltona-honda-civic-ex-2004-obo/6940032361.html,excellent,fwd,gas,,grey,compact,clean,automatic,sedan,4 cylinders,,https://orlando.craigslist.org/cto/d/deltona-honda-civic-ex-2004-obo/6940032361.html
2004,"$3,700 ",113250,2004 honda civic sedan,https://tampa.craigslist.org/hdo/cto/d/spring-hill-2004-honda-civic/6959477674.html,excellent,fwd,gas,113250,green,,clean,automatic,,4 cylinders,,https://tampa.craigslist.org/hdo/cto/d/spring-hill-2004-honda-civic/6959477674.html
2004,"$2,800 ",156000,2004 honda civic,https://tampa.craigslist.org/hdo/cto/d/hudson-2004-honda-civic-lx/6959073742.html,excellent,fwd,gas,156000,,mid-size,clean,automatic,sedan,4 cylinders,,https://tampa.craigslist.org/hdo/cto/d/hudson-2004-honda-civic-lx/6959073742.html
2004,"$2,200 ",,2004 honda civic,https://tampa.craigslist.org/psc/cto/d/port-richey-2004-honda-civic-ex/6952833033.html,good,fwd,gas,,black,,clean,automatic,sedan,4 cylinders,,https://tampa.craigslist.org/psc/cto/d/port-richey-2004-honda-civic-ex/6952833033.html
2003,"$4,500 ",,2003 Honda Civic,https://orlando.craigslist.org/cto/d/kissimmee-2003-honda-civic-sleeper/6952903209.html,,,gas,,,,clean,manual,,,,https://orlando.craigslist.org/cto/d/kissimmee-2003-honda-civic-sleeper/6952903209.html
2003,"$4,500 ",,2003 Honda Civic,https://orlando.craigslist.org/cto/d/kissimmee-2003-honda-civic-sleeper/6946610018.html,,,gas,,,,clean,manual,,,,https://orlando.craigslist.org/cto/d/kissimmee-2003-honda-civic-sleeper/6946610018.html
2003,"$3,200 ",149,2003 honda civic si ep3,https://orlando.craigslist.org/cto/d/kissimmee-2003-honda-civic-si-hatchback/6942363872.html,excellent,fwd,gas,149,silver,full-size,clean,manual,hatchback,4 cylinders,,https://orlando.craigslist.org/cto/d/kissimmee-2003-honda-civic-si-hatchback/6942363872.html
2003,"$2,500 ",,2003 honda civic ex,https://spacecoast.craigslist.org/cto/d/melbourne-2003-civic/6960557142.html,excellent,fwd,gas,,silver,compact,clean,manual,coupe,4 cylinders,,https://spacecoast.craigslist.org/cto/d/melbourne-2003-civic/6960557142.html
2003,"$2,200 ",,2003 Honda civic,https://tampa.craigslist.org/hil/cto/d/tampa-honda-civic-2003/6956813823.html,,,gas,,,,clean,automatic,,,,https://tampa.craigslist.org/hil/cto/d/tampa-honda-civic-2003/6956813823.html
2002,"$3,600 ",,2002 honda civic ex,https://orlando.craigslist.org/cto/d/sanford-2002-honda-civic-ex-coupe/6960403391.html,like new,fwd,gas,,silver,compact,clean,automatic,coupe,4 cylinders,,https://orlando.craigslist.org/cto/d/sanford-2002-honda-civic-ex-coupe/6960403391.html
2002,"$2,499 ",147000,2002 Honda Civic EX,https://orlando.craigslist.org/cto/d/orlando-2002-honda-civic-ex/6958158532.html,like new,fwd,gas,147000,silver,,clean,automatic,coupe,4 cylinders,,https://orlando.craigslist.org/cto/d/orlando-2002-honda-civic-ex/6958158532.html
2002,"$2,000 ",252000,2002 honda civic,https://orlando.craigslist.org/cto/d/winter-park-2002-honda-civic-lx/6957448380.html,good,fwd,gas,252000,red,compact,clean,automatic,sedan,4 cylinders,,https://orlando.craigslist.org/cto/d/winter-park-2002-honda-civic-lx/6957448380.html
2002,"$2,000 ",219382,2002 honda civic ex,https://orlando.craigslist.org/cto/d/kissimmee-2002-honda-civic-ex-2dr-coupe/6953747347.html,fair,fwd,gas,219382,blue,compact,clean,manual,coupe,4 cylinders,,https://orlando.craigslist.org/cto/d/kissimmee-2002-honda-civic-ex-2dr-coupe/6953747347.html
2002,"$3,500 ",,2002 honda civic,https://tampa.craigslist.org/hil/cto/d/tampa-2002-honda-civic-si-vtec/6961023457.html,,,gas,,,,clean,manual,,,,https://tampa.craigslist.org/hil/cto/d/tampa-2002-honda-civic-si-vtec/6961023457.html
2001,"$2,000 ",198,2001 Honda Civic,https://orlando.craigslist.org/cto/d/orlando-2001-honda-civic-coupe-5speed/6952662872.html,,,gas,198,,,clean,manual,,,,https://orlando.craigslist.org/cto/d/orlando-2001-honda-civic-coupe-5speed/6952662872.html
2001,"$2,750 ",,2001 honda civic lx sedan,https://orlando.craigslist.org/cto/d/longwood-2001-honda-civic-lx-sedan-93k/6952593407.html,,,gas,,,,clean,automatic,,,,https://orlando.craigslist.org/cto/d/longwood-2001-honda-civic-lx-sedan-93k/6952593407.html
2001,"$2,000 ",,2001 honda civic,https://orlando.craigslist.org/cto/d/palm-bay-honda-civic/6950581170.html,,,gas,,silver,,clean,automatic,,,,https://orlando.craigslist.org/cto/d/palm-bay-honda-civic/6950581170.html
2001,"$2,100 ",160000,2001 honda civic,https://orlando.craigslist.org/cto/d/winter-park-01-honda-civic/6946798499.html,good,fwd,gas,160000,black,mid-size,clean,automatic,coupe,4 cylinders,,https://orlando.craigslist.org/cto/d/winter-park-01-honda-civic/6946798499.html
2001,"$2,500 ",153573,2001 honda civic lx,https://ocala.craigslist.org/cto/d/ocala-honda-civic-lx/6956185152.html,good,fwd,gas,153573,silver,mid-size,clean,automatic,coupe,4 cylinders,,https://ocala.craigslist.org/cto/d/ocala-honda-civic-lx/6956185152.html
2001,"$2,500 ",,2001 honda civic,https://tampa.craigslist.org/hil/cto/d/tampa-01-civic-4door-sedan/6955544678.html,,,gas,,,,clean,automatic,,,,https://tampa.craigslist.org/hil/cto/d/tampa-01-civic-4door-sedan/6955544678.html
2001,"$1,500 ",,2001 honda civic,https://tampa.craigslist.org/hil/cto/d/tampa-2001-honda-civic/6953212393.html,,,gas,,,,clean,manual,,,,https://tampa.craigslist.org/hil/cto/d/tampa-2001-honda-civic/6953212393.html
2001,"$2,500 ",,2001 honda civic,https://tampa.craigslist.org/psc/cto/d/port-richey-2001-honda-civic-ex/6952826995.html,good,fwd,gas,,,,clean,automatic,,4 cylinders,,https://tampa.craigslist.org/psc/cto/d/port-richey-2001-honda-civic-ex/6952826995.html
2000,$800 ,,2000 Honda Civic DX,https://orlando.craigslist.org/cto/d/winter-park-honda-civic-dx/6961174653.html,fair,fwd,gas,,green,,clean,automatic,,4 cylinders,,https://orlando.craigslist.org/cto/d/winter-park-honda-civic-dx/6961174653.html
2000,"$3,470 ",52000,2000 HONDA CIVIC,https://orlando.craigslist.org/cto/d/clearwater-honda-civic/6944907073.html,like new,rwd,other,52000,white,full-size,clean,automatic,sedan,4 cylinders,,https://orlando.craigslist.org/cto/d/clearwater-honda-civic/6944907073.html
2000,"$1,900 ",146702,2000 honda civic,https://spacecoast.craigslist.org/cto/d/rockledge-2000-honda-civic/6959811112.html,fair,,gas,146702,,,clean,automatic,,4 cylinders,,https://spacecoast.craigslist.org/cto/d/rockledge-2000-honda-civic/6959811112.html
2000,"$3,000 ",,2000 Honda Civic SE,https://ocala.craigslist.org/cto/d/homosassa-2000-honda-civic-se/6953972472.html,good,fwd,gas,,brown,compact,clean,automatic,sedan,4 cylinders,,https://ocala.craigslist.org/cto/d/homosassa-2000-honda-civic-se/6953972472.html
2000,"$3,470 ",52000,2000 HONDA   CIVIC,https://tampa.craigslist.org/pnl/cto/d/clearwater-honda-civic/6960558508.html,excellent,rwd,other,52000,white,mid-size,clean,automatic,sedan,4 cylinders,,https://tampa.craigslist.org/pnl/cto/d/clearwater-honda-civic/6960558508.html
2000,"$1,300 ",258230,2000 honda civic,https://tampa.craigslist.org/pnl/cto/d/saint-petersburg-2000-honda-civic/6958577684.html,fair,fwd,gas,258230,blue,compact,clean,automatic,sedan,4 cylinders,,https://tampa.craigslist.org/pnl/cto/d/saint-petersburg-2000-honda-civic/6958577684.html
2000,"$4,500 ",,2000 honda civic,https://tampa.craigslist.org/hil/cto/d/tampa-00-honda-civic-hatch-back-b20vtec/6957735519.html,,,gas,,,,clean,manual,,,,https://tampa.craigslist.org/hil/cto/d/tampa-00-honda-civic-hatch-back-b20vtec/6957735519.html
2000,"$7,500 ",,2000 honda civic si,https://tampa.craigslist.org/hil/cto/d/riverview-2000-honda-civic-si-em1/6956802110.html,excellent,fwd,gas,,black,compact,clean,manual,coupe,4 cylinders,,https://tampa.craigslist.org/hil/cto/d/riverview-2000-honda-civic-si-em1/6956802110.html
1999,$800 ,169000,1999 honda civic,https://orlando.craigslist.org/cto/d/palm-coast-1999-honda-civic/6959578057.html,fair,,gas,169000,red,compact,clean,automatic,sedan,4 cylinders,,https://orlando.craigslist.org/cto/d/palm-coast-1999-honda-civic/6959578057.html
1999,"$2,100 ",177000,1999 honda civic,https://tampa.craigslist.org/hil/cto/d/brandon-99-honda-civic-lx/6953363788.html,good,,gas,177000,,,clean,manual,,4 cylinders,,https://tampa.craigslist.org/hil/cto/d/brandon-99-honda-civic-lx/6953363788.html
1998,"$2,250 ",156000,1998 Honda civic,https://orlando.craigslist.org/cto/d/haines-city-look-need-to-sell-very-clean/6961757348.html,like new,,gas,156000,,,clean,automatic,,4 cylinders,,https://orlando.craigslist.org/cto/d/haines-city-look-need-to-sell-very-clean/6961757348.html
1998,"$1,500 ",154632,1998 honda civic dx coupe,https://orlando.craigslist.org/cto/d/kissimmee-honda-civic-98-t/6956119005.html,good,fwd,gas,154632,green,compact,clean,manual,coupe,4 cylinders,,https://orlando.craigslist.org/cto/d/kissimmee-honda-civic-98-t/6956119005.html
1998,"$1,400 ",,1998 Honda civic,https://orlando.craigslist.org/cto/d/orlando-1400-obo/6955949974.html,,,gas,,,,clean,automatic,,,,https://orlando.craigslist.org/cto/d/orlando-1400-obo/6955949974.html
1998,"$2,000 ",213000,1998 Honda Civic,https://orlando.craigslist.org/cto/d/orlando-98-honda-civic-for-sale/6952353434.html,fair,,gas,213000,silver,compact,clean,automatic,coupe,4 cylinders,,https://orlando.craigslist.org/cto/d/orlando-98-honda-civic-for-sale/6952353434.html
1998,"$1,800 ",,1998 honda civic ex,https://orlando.craigslist.org/cto/d/orlando-civic/6940822083.html,,,gas,,,,clean,manual,,,,https://orlando.craigslist.org/cto/d/orlando-civic/6940822083.html
1998,"$2,200 ",156000,1998 Honda civic,https://lakeland.craigslist.org/cto/d/haines-city-look-very-well-kept-need-to/6961748117.html,like new,,gas,156000,,,clean,automatic,,4 cylinders,,https://lakeland.craigslist.org/cto/d/haines-city-look-very-well-kept-need-to/6961748117.html
1998,"$1,300 ",220618,1998 Honda Civic,https://daytona.craigslist.org/cto/d/sanford-1998-honda-civic/6958642158.html,fair,fwd,gas,220618,silver,compact,clean,automatic,coupe,4 cylinders,,https://daytona.craigslist.org/cto/d/sanford-1998-honda-civic/6958642158.html
1998,"$1,795 ",185000,1998 honda civic lx,https://tampa.craigslist.org/pnl/cto/d/saint-petersburg-1998-honda-civic-lx/6956601582.html,good,,gas,185000,silver,,clean,automatic,sedan,4 cylinders,,https://tampa.craigslist.org/pnl/cto/d/saint-petersburg-1998-honda-civic-lx/6956601582.html
1997,"$4,000 ",190000,1997 Honda Civic,https://orlando.craigslist.org/cto/d/clermont-honda-civic-ek-4-door/6960342396.html,,,gas,190000,,,clean,manual,,,,https://orlando.craigslist.org/cto/d/clermont-honda-civic-ek-4-door/6960342396.html
1997,"$10,000 ",,1997 honda civic,https://orlando.craigslist.org/cto/d/kissimmee-1997-honda-civic/6942690799.html,,,gas,,,,clean,manual,,,,https://orlando.craigslist.org/cto/d/kissimmee-1997-honda-civic/6942690799.html
1996,$850 ,,1996 honda civic,https://orlando.craigslist.org/cto/d/ocoee-96-honda-civic/6959842094.html,,,gas,,,,clean,automatic,,,,https://orlando.craigslist.org/cto/d/ocoee-96-honda-civic/6959842094.html
1996,$995 ,,1996 honda civic sedan,https://orlando.craigslist.org/cto/d/orlando-1996-honda-civic/6957431889.html,,,gas,,,,clean,automatic,,,,https://orlando.craigslist.org/cto/d/orlando-1996-honda-civic/6957431889.html
1996,"$4,400 ",139000,1996 honda civic cx hatchback,https://orlando.craigslist.org/cto/d/tavares-honda-civic-hatchback/6956045966.html,excellent,fwd,gas,139000,green,compact,clean,automatic,hatchback,4 cylinders,,https://orlando.craigslist.org/cto/d/tavares-honda-civic-hatchback/6956045966.html
1995,"$3,500 ",181161,1995 Honda Civic CX Hatchback,https://orlando.craigslist.org/cto/d/maitland-1995-honda-civic-cx/6941665802.html,good,fwd,gas,181161,red,compact,clean,manual,hatchback,4 cylinders,,https://orlando.craigslist.org/cto/d/maitland-1995-honda-civic-cx/6941665802.html
1994,"$1,600 ",156000,"1994 Honda, Civic",https://orlando.craigslist.org/cto/d/orlando-1994-honda-civic-ex/6950302515.html,good,fwd,gas,156000,black,compact,clean,automatic,coupe,4 cylinders,,https://orlando.craigslist.org/cto/d/orlando-1994-honda-civic-ex/6950302515.html
1994,"$1,200 ",,1994 honda civic,https://orlando.craigslist.org/cto/d/orlando-honda-civic-vx-1994/6945133813.html,good,,gas,,,,clean,manual,,4 cylinders,,https://orlando.craigslist.org/cto/d/orlando-honda-civic-vx-1994/6945133813.html
1992,"$7,000 ",,1992 honda civic EG hatchback,https://orlando.craigslist.org/cto/d/leesburg-1992-honda-civic-eg-hatchback/6952083536.html,excellent,fwd,gas,,,compact,clean,manual,hatchback,4 cylinders,,https://orlando.craigslist.org/cto/d/leesburg-1992-honda-civic-eg-hatchback/6952083536.html
1992,$1 ,,1992 Honda civic,https://orlando.craigslist.org/cto/d/deltona-92-civic-street-race-car-for/6946580649.html,,,gas,,,,clean,manual,,,,https://orlando.craigslist.org/cto/d/deltona-92-civic-street-race-car-for/6946580649.html
1991,"$6,500 ",,1991 honda civic cpe si,https://orlando.craigslist.org/cto/d/leesburg-1991-honda-crx-i-rhd-5-speed/6958476374.html,good,,gas,,,,clean,manual,,,,https://orlando.craigslist.org/cto/d/leesburg-1991-honda-crx-i-rhd-5-speed/6958476374.html
1991,"$1,500 ",258000,1991 honda civic,,good,fwd,gas,258000,red,compact,clean,manual,sedan,4 cylinders,,https://orlando.craigslist.org/cto/d/orlando-1991-honda-civic-dx/6957902731.html
